{
    "cv_scores_stratified": 0.8835063786787926,
    "cv_scores_kfold": 0.8798091087055435,
    "runtime_mins": 5.470446228981018
}