{
    "cv_scores_stratified": 0.9688874069667543,
    "cv_scores_kfold": 0.9673556479830991,
    "runtime_mins": 5.428934212525686
}