{
    "cv_scores_stratified": 0.8939672621971474,
    "cv_scores_kfold": 0.8935002339996193,
    "runtime_mins": 5.5621109247207645
}