{
    "cv_scores_stratified": 0.9668987489528834,
    "cv_scores_kfold": 0.9643122920008348,
    "runtime_mins": 5.278209288914998
}