{
    "cv_scores_stratified": 0.9647823951272229,
    "cv_scores_kfold": 0.9717129592473437,
    "runtime_mins": 5.785016111532847
}