{
    "cv_scores_stratified": 0.9665885563920419,
    "cv_scores_kfold": 0.9681959382767851,
    "runtime_mins": 5.248625894387563
}