{
    "cv_scores_stratified": 0.966917042089456,
    "cv_scores_kfold": 0.9672155965562871,
    "runtime_mins": 1.664018436272939
}